,query,value
0,serenede jeans,10300
1,boohooman,8650
2,essentials hoodie,8650
3,purple brand jeans,2900
4,stacked jeans men,2550
5,dunks,2350
6,shien,2150
7,judy blue jeans,1550
8,ksubi black jeans,1200
9,black amiri jeans,1200
10,amiri jeans,1150
11,stacked jeans,1100
12,black stacked jeans,1100
13,princess polly,1100
14,ksubi jeans,1050
15,pretty little thing,950
16,black stacked jeans mens,850
17,black ripped jeans primark,850
18,pro club,750
19,baggy black jeans,550
20,baggy jeans,500
21,black wide leg jeans,500
22,black baggy pants,500
23,jordan 4s,450
24,goat,450
