,query,value
0,ripped jeans black,100
1,black skinny jeans,95
2,ripped jeans,93
3,mens black jeans,91
4,skinny jeans,90
5,mens jeans,89
6,white jeans,89
7,men black jeans,80
8,men jeans,78
9,black jeans men,78
10,black pants,66
11,blue jeans,58
12,black jeans women,54
13,womens jeans,50
14,womens black jeans,50
15,black jeans jacket,43
16,shoes,42
17,black denim jeans,38
18,black and white jeans,38
19,black boots,36
20,black jeans outfit,32
21,american eagle,26
22,american eagle black jeans,25
23,mom jeans black,25
24,american eagle jeans,25
